{
    "key": "group_66c608f1da70f",
    "title": "Block Utilities",
    "fields": [
        {
            "key": "field_66c608f27fd08",
            "label": "Padding Top",
            "name": "padding_top",
            "aria-label": "",
            "type": "button_group",
            "instructions": "",
            "required": 0,
            "conditional_logic": 0,
            "wrapper": {
                "width": "",
                "class": "",
                "id": ""
            },
            "relevanssi_exclude": 0,
            "choices": {
                "none": "None",
                "small": "Small",
                "medium": "Medium",
                "large": "Large"
            },
            "default_value": "medium",
            "return_format": "value",
            "allow_null": 0,
            "allow_in_bindings": 1,
            "layout": "horizontal"
        },
        {
            "key": "field_66e836b99b6d0",
            "label": "Padding Bottom",
            "name": "padding_bottom",
            "aria-label": "",
            "type": "button_group",
            "instructions": "",
            "required": 0,
            "conditional_logic": 0,
            "wrapper": {
                "width": "",
                "class": "",
                "id": ""
            },
            "relevanssi_exclude": 0,
            "choices": {
                "none": "None",
                "small": "Small",
                "medium": "Medium",
                "large": "Large"
            },
            "default_value": "medium",
            "return_format": "value",
            "allow_null": 0,
            "allow_in_bindings": 1,
            "layout": "horizontal"
        },
        {
            "key": "field_66c609b97fd09",
            "label": "Theme",
            "name": "theme",
            "aria-label": "",
            "type": "button_group",
            "instructions": "",
            "required": 0,
            "conditional_logic": 0,
            "wrapper": {
                "width": "",
                "class": "",
                "id": ""
            },
            "choices": {
                "default": "Default",
                "light": "Light",
                "dark": "Dark"
            },
            "default_value": "default",
            "return_format": "value",
            "allow_null": 0,
            "layout": "horizontal"
        }
    ],
    "location": [
        [
            {
                "param": "block",
                "operator": "==",
                "value": "all"
            }
        ]
    ],
    "menu_order": 6,
    "position": "normal",
    "style": "default",
    "label_placement": "top",
    "instruction_placement": "label",
    "hide_on_screen": "",
    "active": true,
    "description": "Utilities for blocks",
    "show_in_rest": 0,
    "modified": 1744996470
}
