{
    "key": "group_66b24f36a4482",
    "title": "Block - Heading",
    "fields": [
        {
            "key": "field_66b24f9585ed3",
            "label": "Title",
            "name": "title",
            "aria-label": "",
            "type": "text",
            "instructions": "",
            "required": 0,
            "conditional_logic": [
                [
                    {
                        "field": "field_67e1da1cf2a4a",
                        "operator": "==",
                        "value": "1"
                    }
                ]
            ],
            "wrapper": {
                "width": "",
                "class": "",
                "id": ""
            },
            "relevanssi_exclude": 0,
            "default_value": "",
            "maxlength": "",
            "allow_in_bindings": 1,
            "placeholder": "",
            "prepend": "",
            "append": ""
        },
        {
            "key": "field_68ac89fbc3d85",
            "label": "Headline",
            "name": "headline",
            "aria-label": "",
            "type": "text",
            "instructions": "",
            "required": 0,
            "conditional_logic": 0,
            "wrapper": {
                "width": "",
                "class": "",
                "id": ""
            },
            "relevanssi_exclude": 0,
            "default_value": "",
            "maxlength": "",
            "allow_in_bindings": 0,
            "placeholder": "",
            "prepend": "",
            "append": ""
        },
        {
            "key": "field_68ac8a02c3d86",
            "label": "Content",
            "name": "content",
            "aria-label": "",
            "type": "wysiwyg",
            "instructions": "",
            "required": 0,
            "conditional_logic": 0,
            "wrapper": {
                "width": "",
                "class": "",
                "id": ""
            },
            "relevanssi_exclude": 0,
            "default_value": "",
            "allow_in_bindings": 0,
            "tabs": "all",
            "toolbar": "basic",
            "media_upload": 0,
            "delay": 0
        },
        {
            "key": "field_68ac8a10c3d87",
            "label": "Buttons",
            "name": "buttons",
            "aria-label": "",
            "type": "repeater",
            "instructions": "Max: 2",
            "required": 0,
            "conditional_logic": 0,
            "wrapper": {
                "width": "",
                "class": "",
                "id": ""
            },
            "relevanssi_exclude": 0,
            "layout": "table",
            "pagination": 0,
            "min": 0,
            "max": 2,
            "collapsed": "",
            "button_label": "Add Button",
            "rows_per_page": 20,
            "sub_fields": [
                {
                    "key": "field_68ac8a26c3d88",
                    "label": "Type",
                    "name": "type",
                    "aria-label": "",
                    "type": "button_group",
                    "instructions": "",
                    "required": 0,
                    "conditional_logic": 0,
                    "wrapper": {
                        "width": "",
                        "class": "",
                        "id": ""
                    },
                    "relevanssi_exclude": 0,
                    "choices": {
                        "solid": "Solid",
                        "outline": "Outline",
                        "text": "Text"
                    },
                    "default_value": "solid",
                    "return_format": "value",
                    "allow_null": 0,
                    "allow_in_bindings": 0,
                    "layout": "horizontal",
                    "parent_repeater": "field_68ac8a10c3d87"
                },
                {
                    "key": "field_68ac8a3cc3d89",
                    "label": "Link",
                    "name": "link",
                    "aria-label": "",
                    "type": "link",
                    "instructions": "",
                    "required": 1,
                    "conditional_logic": 0,
                    "wrapper": {
                        "width": "",
                        "class": "",
                        "id": ""
                    },
                    "relevanssi_exclude": 0,
                    "return_format": "array",
                    "allow_in_bindings": 0,
                    "parent_repeater": "field_68ac8a10c3d87"
                }
            ]
        },
        {
            "key": "field_68ac8b6bc3d8a",
            "label": "Text Align",
            "name": "text_align",
            "aria-label": "",
            "type": "button_group",
            "instructions": "",
            "required": 0,
            "conditional_logic": 0,
            "wrapper": {
                "width": "",
                "class": "",
                "id": ""
            },
            "relevanssi_exclude": 0,
            "choices": {
                "left": "Left",
                "center": "Center",
                "right": "Right"
            },
            "default_value": "center",
            "return_format": "value",
            "allow_null": 0,
            "allow_in_bindings": 0,
            "layout": "horizontal"
        }
    ],
    "location": [
        [
            {
                "param": "block",
                "operator": "==",
                "value": "acf\/heading"
            }
        ]
    ],
    "menu_order": 0,
    "position": "normal",
    "style": "default",
    "label_placement": "top",
    "instruction_placement": "label",
    "hide_on_screen": "",
    "active": true,
    "description": "Heading for Blocks",
    "show_in_rest": 0,
    "modified": 1756138584
}
