{
    "key": "group_67ed57c47b08c",
    "title": "Menu Primary - Link Type",
    "fields": [
        {
            "key": "field_67ed57c48cf2f",
            "label": "Link Type",
            "name": "link_type",
            "aria-label": "",
            "type": "select",
            "instructions": "",
            "required": 0,
            "conditional_logic": 0,
            "wrapper": {
                "width": "",
                "class": "",
                "id": ""
            },
            "relevanssi_exclude": 0,
            "choices": {
                "default": "Default",
                "button": "Button",
                "disable": "Disable"
            },
            "default_value": "default",
            "return_format": "value",
            "multiple": 0,
            "allow_null": 0,
            "allow_in_bindings": 0,
            "ui": 0,
            "ajax": 0,
            "placeholder": ""
        }
    ],
    "location": [
        [
            {
                "param": "nav_menu_item",
                "operator": "==",
                "value": "location\/primary"
            },
            {
                "param": "menu_level",
                "operator": "==",
                "value": "0"
            }
        ],
        [
            {
                "param": "nav_menu_item",
                "operator": "==",
                "value": "location\/utility"
            },
            {
                "param": "menu_level",
                "operator": "==",
                "value": "0"
            }
        ]
    ],
    "menu_order": 0,
    "position": "normal",
    "style": "default",
    "label_placement": "top",
    "instruction_placement": "label",
    "hide_on_screen": "",
    "active": true,
    "description": "",
    "show_in_rest": 0,
    "modified": 1744992169
}
