{
    "key": "group_60982a69afdcc",
    "title": "Theme Settings",
    "fields": [
        {
            "key": "field_659574b7d9d76",
            "label": "Tracking Codes",
            "name": "",
            "aria-label": "",
            "type": "tab",
            "instructions": "",
            "required": 0,
            "conditional_logic": 0,
            "wrapper": {
                "width": "",
                "class": "",
                "id": ""
            },
            "placement": "top",
            "endpoint": 0,
            "selected": 0
        },
        {
            "key": "field_659574c4d9d77",
            "label": "Header",
            "name": "tc_header",
            "aria-label": "",
            "type": "textarea",
            "instructions": "",
            "required": 0,
            "conditional_logic": 0,
            "wrapper": {
                "width": "",
                "class": "",
                "id": ""
            },
            "default_value": "",
            "maxlength": "",
            "rows": "",
            "placeholder": "",
            "new_lines": ""
        },
        {
            "key": "field_659574e7d9d78",
            "label": "Body",
            "name": "tc_body",
            "aria-label": "",
            "type": "textarea",
            "instructions": "",
            "required": 0,
            "conditional_logic": 0,
            "wrapper": {
                "width": "",
                "class": "",
                "id": ""
            },
            "default_value": "",
            "maxlength": "",
            "rows": "",
            "placeholder": "",
            "new_lines": ""
        },
        {
            "key": "field_659574f9d9d79",
            "label": "Footer",
            "name": "tc_footer",
            "aria-label": "",
            "type": "textarea",
            "instructions": "",
            "required": 0,
            "conditional_logic": 0,
            "wrapper": {
                "width": "",
                "class": "",
                "id": ""
            },
            "default_value": "",
            "maxlength": "",
            "rows": "",
            "placeholder": "",
            "new_lines": ""
        },
        {
            "key": "field_6632a3370740f",
            "label": "Message Bar",
            "name": "",
            "aria-label": "",
            "type": "tab",
            "instructions": "",
            "required": 0,
            "conditional_logic": 0,
            "wrapper": {
                "width": "",
                "class": "",
                "id": ""
            },
            "placement": "top",
            "endpoint": 0,
            "selected": 0
        },
        {
            "key": "field_6632a35207410",
            "label": "Display Header Massage Bar",
            "name": "hmb",
            "aria-label": "",
            "type": "true_false",
            "instructions": "Check this box to display the header message bar.",
            "required": 0,
            "conditional_logic": 0,
            "wrapper": {
                "width": "",
                "class": "",
                "id": ""
            },
            "message": "",
            "default_value": 0,
            "ui_on_text": "",
            "ui_off_text": "",
            "ui": 1
        },
        {
            "key": "field_6632a36507411",
            "label": "Message",
            "name": "hmb_tx",
            "aria-label": "",
            "type": "text",
            "instructions": "Enter you message here, it may include a link.",
            "required": 0,
            "conditional_logic": 0,
            "wrapper": {
                "width": "",
                "class": "",
                "id": ""
            },
            "default_value": "This is a sample message for the header message bar. <a href=\"#test\">Test Link.<\/a>",
            "maxlength": "",
            "placeholder": "",
            "prepend": "",
            "append": ""
        },
        {
            "key": "field_6632a38507412",
            "label": "Reappear",
            "name": "hmb_reappear",
            "aria-label": "",
            "type": "number",
            "instructions": "The number of days until the message bar reappears once a users has closed it. The default is 7 days.",
            "required": 0,
            "conditional_logic": 0,
            "wrapper": {
                "width": "",
                "class": "",
                "id": ""
            },
            "default_value": 7,
            "min": "",
            "max": "",
            "placeholder": "",
            "step": "",
            "prepend": "",
            "append": ""
        },
        {
            "key": "field_66db09643d459",
            "label": "Popup",
            "name": "",
            "aria-label": "",
            "type": "tab",
            "instructions": "",
            "required": 0,
            "conditional_logic": 0,
            "wrapper": {
                "width": "",
                "class": "",
                "id": ""
            },
            "placement": "top",
            "endpoint": 0,
            "selected": 0
        },
        {
            "key": "field_66db09773d45a",
            "label": "Popup Activate",
            "name": "site_popup_activate",
            "aria-label": "",
            "type": "true_false",
            "instructions": "",
            "required": 0,
            "conditional_logic": 0,
            "wrapper": {
                "width": "",
                "class": "",
                "id": ""
            },
            "message": "",
            "default_value": 0,
            "allow_in_bindings": 0,
            "ui_on_text": "",
            "ui_off_text": "",
            "ui": 1
        },
        {
            "key": "field_66db098f3d45b",
            "label": "Popup Content",
            "name": "site_popup_content",
            "aria-label": "",
            "type": "group",
            "instructions": "",
            "required": 0,
            "conditional_logic": 0,
            "wrapper": {
                "width": "",
                "class": "",
                "id": ""
            },
            "relevanssi_exclude": 0,
            "layout": "block",
            "sub_fields": [
                {
                    "key": "field_67f58560c55ab",
                    "label": "Image",
                    "name": "image",
                    "aria-label": "",
                    "type": "image",
                    "instructions": "Size: 400 x (any)",
                    "required": 0,
                    "conditional_logic": 0,
                    "wrapper": {
                        "width": "",
                        "class": "",
                        "id": ""
                    },
                    "relevanssi_exclude": 0,
                    "return_format": "id",
                    "library": "all",
                    "min_width": 400,
                    "min_height": "",
                    "min_size": "",
                    "max_width": "",
                    "max_height": "",
                    "max_size": "",
                    "mime_types": "",
                    "allow_in_bindings": 0,
                    "preview_size": "thumbnail"
                },
                {
                    "key": "field_67f58587c55ac",
                    "label": "Content",
                    "name": "content",
                    "aria-label": "",
                    "type": "wysiwyg",
                    "instructions": "",
                    "required": 0,
                    "conditional_logic": 0,
                    "wrapper": {
                        "width": "",
                        "class": "",
                        "id": ""
                    },
                    "relevanssi_exclude": 0,
                    "default_value": "",
                    "allow_in_bindings": 0,
                    "tabs": "all",
                    "toolbar": "full",
                    "media_upload": 0,
                    "delay": 0
                },
                {
                    "key": "field_67f5859dc55ad",
                    "label": "Link",
                    "name": "link",
                    "aria-label": "",
                    "type": "link",
                    "instructions": "",
                    "required": 0,
                    "conditional_logic": 0,
                    "wrapper": {
                        "width": "",
                        "class": "",
                        "id": ""
                    },
                    "relevanssi_exclude": 0,
                    "return_format": "array",
                    "allow_in_bindings": 0
                },
                {
                    "key": "field_67f585afc55ae",
                    "label": "Form ID",
                    "name": "form_id",
                    "aria-label": "",
                    "type": "text",
                    "instructions": "Enter Gravity Form ID",
                    "required": 0,
                    "conditional_logic": 0,
                    "wrapper": {
                        "width": "",
                        "class": "",
                        "id": ""
                    },
                    "relevanssi_exclude": 0,
                    "default_value": "",
                    "maxlength": "",
                    "allow_in_bindings": 0,
                    "placeholder": 123,
                    "prepend": "",
                    "append": ""
                }
            ]
        },
        {
            "key": "field_66db0a1432042",
            "label": "Reappear",
            "name": "site_popup_reappear",
            "aria-label": "",
            "type": "number",
            "instructions": "The number of days until the message bar reappears once a users has closed it. The default is 7 days.",
            "required": 0,
            "conditional_logic": 0,
            "wrapper": {
                "width": "",
                "class": "",
                "id": ""
            },
            "relevanssi_exclude": 0,
            "default_value": 7,
            "min": 0,
            "max": "",
            "allow_in_bindings": 1,
            "placeholder": "",
            "step": "",
            "prepend": "",
            "append": ""
        },
        {
            "key": "field_66140831bfe7b",
            "label": "Header",
            "name": "",
            "aria-label": "",
            "type": "tab",
            "instructions": "",
            "required": 0,
            "conditional_logic": 0,
            "wrapper": {
                "width": "",
                "class": "",
                "id": ""
            },
            "placement": "top",
            "endpoint": 0,
            "selected": 0
        },
        {
            "key": "field_66a82614b8b90",
            "label": "Site Search",
            "name": "site_search",
            "aria-label": "",
            "type": "true_false",
            "instructions": "Add search to the primary navigation",
            "required": 0,
            "conditional_logic": 0,
            "wrapper": {
                "width": "",
                "class": "",
                "id": ""
            },
            "message": "",
            "default_value": 0,
            "ui_on_text": "",
            "ui_off_text": "",
            "ui": 1
        },
        {
            "key": "field_66cf6191d427e",
            "label": "Site Sticky",
            "name": "site_sticky_header",
            "aria-label": "",
            "type": "true_false",
            "instructions": "Make the header stick to the top on scroll",
            "required": 0,
            "conditional_logic": 0,
            "wrapper": {
                "width": "",
                "class": "",
                "id": ""
            },
            "message": "",
            "default_value": 0,
            "ui_on_text": "",
            "ui_off_text": "",
            "ui": 1
        },
        {
            "key": "field_66ad3c492bb6a",
            "label": "Site Cookie",
            "name": "site_cookie",
            "aria-label": "",
            "type": "true_false",
            "instructions": "Add search to the primary navigation",
            "required": 0,
            "conditional_logic": 0,
            "wrapper": {
                "width": "",
                "class": "",
                "id": ""
            },
            "message": "",
            "default_value": 0,
            "ui_on_text": "",
            "ui_off_text": "",
            "ui": 1
        },
        {
            "key": "field_66cf5f769c330",
            "label": "Site Cookie Reappear",
            "name": "site_cookie_reappear",
            "aria-label": "",
            "type": "number",
            "instructions": "The number of days until the message bar reappears once a users has closed it. The default is 7 days.",
            "required": 0,
            "conditional_logic": 0,
            "wrapper": {
                "width": "",
                "class": "",
                "id": ""
            },
            "default_value": 7,
            "min": 0,
            "max": 356,
            "placeholder": "",
            "step": "",
            "prepend": "",
            "append": ""
        },
        {
            "key": "field_66ad3c552bb6b",
            "label": "Site Cookie",
            "name": "site_cookie_content",
            "aria-label": "",
            "type": "group",
            "instructions": "Add search to the primary navigation",
            "required": 0,
            "conditional_logic": 0,
            "wrapper": {
                "width": "",
                "class": "",
                "id": ""
            },
            "layout": "block",
            "sub_fields": [
                {
                    "key": "field_66ad3c672bb6c",
                    "label": "Content",
                    "name": "content",
                    "aria-label": "",
                    "type": "wysiwyg",
                    "instructions": "",
                    "required": 0,
                    "conditional_logic": 0,
                    "wrapper": {
                        "width": "",
                        "class": "",
                        "id": ""
                    },
                    "default_value": "",
                    "tabs": "all",
                    "toolbar": "basic",
                    "media_upload": 0,
                    "delay": 0
                }
            ]
        },
        {
            "key": "field_6614083dbfe7c",
            "label": "Footer",
            "name": "",
            "aria-label": "",
            "type": "tab",
            "instructions": "",
            "required": 0,
            "conditional_logic": 0,
            "wrapper": {
                "width": "",
                "class": "",
                "id": ""
            },
            "placement": "top",
            "endpoint": 0,
            "selected": 0
        },
        {
            "key": "field_651ac7f75cb81",
            "label": "Site Address",
            "name": "site_address",
            "aria-label": "",
            "type": "textarea",
            "instructions": "Breaks automatically added by adding line breaks",
            "required": 0,
            "conditional_logic": 0,
            "wrapper": {
                "width": "",
                "class": "",
                "id": ""
            },
            "relevanssi_exclude": 0,
            "default_value": "",
            "maxlength": "",
            "rows": 4,
            "placeholder": "",
            "new_lines": "br"
        },
        {
            "key": "field_64e21232ec105",
            "label": "Site Phone",
            "name": "site_phone",
            "aria-label": "",
            "type": "text",
            "instructions": "",
            "required": 0,
            "conditional_logic": 0,
            "wrapper": {
                "width": "",
                "class": "",
                "id": ""
            },
            "default_value": "1.314.642.2278",
            "maxlength": "",
            "placeholder": "",
            "prepend": "",
            "append": ""
        },
        {
            "key": "field_64e296fa38c1a",
            "label": "Site Email",
            "name": "site_email",
            "aria-label": "",
            "type": "text",
            "instructions": "",
            "required": 0,
            "conditional_logic": 0,
            "wrapper": {
                "width": "",
                "class": "",
                "id": ""
            },
            "default_value": "",
            "maxlength": "",
            "placeholder": "",
            "prepend": "",
            "append": ""
        },
        {
            "key": "field_636918c30f502",
            "label": "Site Copyright",
            "name": "site_copyright",
            "aria-label": "",
            "type": "text",
            "instructions": "",
            "required": 0,
            "conditional_logic": 0,
            "wrapper": {
                "width": "",
                "class": "",
                "id": ""
            },
            "default_value": "",
            "maxlength": "",
            "placeholder": "",
            "prepend": "",
            "append": ""
        },
        {
            "key": "field_66140846bfe7d",
            "label": "Social",
            "name": "",
            "aria-label": "",
            "type": "tab",
            "instructions": "",
            "required": 0,
            "conditional_logic": 0,
            "wrapper": {
                "width": "",
                "class": "",
                "id": ""
            },
            "placement": "top",
            "endpoint": 0,
            "selected": 0
        },
        {
            "key": "field_650328d45aaf6",
            "label": "Social Links",
            "name": "social_links",
            "aria-label": "",
            "type": "repeater",
            "instructions": "",
            "required": 0,
            "conditional_logic": 0,
            "wrapper": {
                "width": "",
                "class": "",
                "id": ""
            },
            "layout": "table",
            "pagination": 0,
            "min": 0,
            "max": 0,
            "collapsed": "",
            "button_label": "Add Social",
            "rows_per_page": 20,
            "sub_fields": [
                {
                    "key": "field_650328e85aaf7",
                    "label": "Link",
                    "name": "link",
                    "aria-label": "",
                    "type": "link",
                    "instructions": "",
                    "required": 1,
                    "conditional_logic": 0,
                    "wrapper": {
                        "width": "",
                        "class": "",
                        "id": ""
                    },
                    "return_format": "array",
                    "parent_repeater": "field_650328d45aaf6"
                },
                {
                    "key": "field_650329035aaf8",
                    "label": "Icon",
                    "name": "icon",
                    "aria-label": "",
                    "type": "font-awesome",
                    "instructions": "",
                    "required": 1,
                    "conditional_logic": 0,
                    "wrapper": {
                        "width": "",
                        "class": "",
                        "id": ""
                    },
                    "icon_sets": [
                        "fab"
                    ],
                    "custom_icon_set": "",
                    "default_label": "",
                    "default_value": "",
                    "save_format": "element",
                    "allow_null": 0,
                    "show_preview": 1,
                    "enqueue_fa": 0,
                    "fa_live_preview": "",
                    "choices": [],
                    "parent_repeater": "field_650328d45aaf6"
                }
            ]
        },
        {
            "key": "field_66e09f209a92e",
            "label": "Footer CTA",
            "name": "",
            "aria-label": "",
            "type": "tab",
            "instructions": "",
            "required": 0,
            "conditional_logic": 0,
            "wrapper": {
                "width": "",
                "class": "",
                "id": ""
            },
            "placement": "top",
            "endpoint": 0,
            "selected": 0
        },
        {
            "key": "field_66e09f519a92f",
            "label": "Footer CTA",
            "name": "footer_cta",
            "aria-label": "",
            "type": "group",
            "instructions": "",
            "required": 0,
            "conditional_logic": 0,
            "wrapper": {
                "width": "",
                "class": "",
                "id": ""
            },
            "layout": "block",
            "sub_fields": [
                {
                    "key": "field_66e09f5f9a930",
                    "label": "Title",
                    "name": "title",
                    "aria-label": "",
                    "type": "text",
                    "instructions": "",
                    "required": 0,
                    "conditional_logic": 0,
                    "wrapper": {
                        "width": "",
                        "class": "",
                        "id": ""
                    },
                    "default_value": "",
                    "maxlength": "",
                    "allow_in_bindings": 0,
                    "placeholder": "",
                    "prepend": "",
                    "append": ""
                },
                {
                    "key": "field_66e09f659a931",
                    "label": "Headline",
                    "name": "headline",
                    "aria-label": "",
                    "type": "text",
                    "instructions": "",
                    "required": 0,
                    "conditional_logic": 0,
                    "wrapper": {
                        "width": "",
                        "class": "",
                        "id": ""
                    },
                    "default_value": "",
                    "maxlength": "",
                    "allow_in_bindings": 0,
                    "placeholder": "",
                    "prepend": "",
                    "append": ""
                },
                {
                    "key": "field_66e09f6e9a932",
                    "label": "Description",
                    "name": "description",
                    "aria-label": "",
                    "type": "wysiwyg",
                    "instructions": "",
                    "required": 0,
                    "conditional_logic": 0,
                    "wrapper": {
                        "width": "",
                        "class": "",
                        "id": ""
                    },
                    "default_value": "",
                    "allow_in_bindings": 0,
                    "tabs": "all",
                    "toolbar": "basic",
                    "media_upload": 0,
                    "delay": 0
                },
                {
                    "key": "field_66e09f839a933",
                    "label": "Link",
                    "name": "link",
                    "aria-label": "",
                    "type": "link",
                    "instructions": "",
                    "required": 0,
                    "conditional_logic": 0,
                    "wrapper": {
                        "width": "",
                        "class": "",
                        "id": ""
                    },
                    "return_format": "array",
                    "allow_in_bindings": 0
                },
                {
                    "key": "field_66e09fe69a935",
                    "label": "Padding",
                    "name": "padding",
                    "aria-label": "",
                    "type": "button_group",
                    "instructions": "",
                    "required": 0,
                    "conditional_logic": 0,
                    "wrapper": {
                        "width": "",
                        "class": "",
                        "id": ""
                    },
                    "choices": {
                        "small": "Small",
                        "medium": "Medium",
                        "large": "Large"
                    },
                    "default_value": "",
                    "return_format": "value",
                    "allow_null": 0,
                    "allow_in_bindings": 0,
                    "layout": "horizontal"
                },
                {
                    "key": "field_66e09f9c9a934",
                    "label": "Theme",
                    "name": "theme",
                    "aria-label": "",
                    "type": "button_group",
                    "instructions": "",
                    "required": 0,
                    "conditional_logic": 0,
                    "wrapper": {
                        "width": "",
                        "class": "",
                        "id": ""
                    },
                    "choices": {
                        "default": "Default",
                        "light": "Light",
                        "dark": "Dark"
                    },
                    "default_value": "default",
                    "return_format": "value",
                    "allow_null": 0,
                    "allow_in_bindings": 0,
                    "layout": "horizontal"
                }
            ]
        }
    ],
    "location": [
        [
            {
                "param": "options_page",
                "operator": "==",
                "value": "acf-options-theme-options"
            }
        ]
    ],
    "menu_order": 20,
    "position": "normal",
    "style": "default",
    "label_placement": "top",
    "instruction_placement": "label",
    "hide_on_screen": "",
    "active": true,
    "description": "",
    "show_in_rest": 0,
    "modified": 1746803843
}
